filename,model_type,network,num_nodes,num_possible_sources,avg_num_sources,avg_portion_affected,accuracy,avg rank of source,avg prediction for source,avg prediction over all nodes,min prediction over all nodes,max prediction over all nodes,source in top 3,source in top 5,source in top 20,source in top 40,source in top 80,gene_specific_metrics
baseline_advanced_random_1007_1419,advanced_random,dorothea_500_550,,,,,0.003,257.218,0.002,0.002,0.0,0.004,0.007,0.011,,,,
baseline_advanced_random_1008_1126,advanced_random,dorothea_500_550,,,,,0.003,257.218,0.002,0.002,0.0,0.004,0.007,0.011,,,,
baseline_advanced_random_1009_0025,advanced_random,dorothea_500_550,,,,,0.003,257.218,0.002,0.002,0.0,0.004,,,0.037,0.069,0.147,
baseline_advanced_random_1009_0937,advanced_random,dorothea_500_550,,,,,0.003,257.218,0.002,0.002,0.0,0.004,,,0.037,0.069,0.147,
baseline_advanced_random_1009_1108,advanced_random,dorothea_500_550,,,,,0.003,257.218,0.002,0.002,0.0,0.004,,0.011,0.037,0.069,0.147,
baseline_advanced_random_1009_1230,advanced_random,dorothea_500_550,,,,,0.003,257.218,0.002,0.002,0.0,0.004,,0.011,0.037,0.069,0.147,
baseline_jordan_1007_1419,jordan,dorothea_500_550,,,,,0.0,249.368,0.001,0.002,0.0,1.0,0.009,0.01,,,,
baseline_jordan_1008_1126,jordan,dorothea_500_550,,,,,0.0,249.368,0.001,0.002,0.0,1.0,0.009,0.01,,,,
baseline_jordan_1009_0025,jordan,dorothea_500_550,,,,,0.0,249.368,0.001,0.002,0.0,1.0,,,0.045,0.095,0.169,
baseline_jordan_1009_0937,jordan,dorothea_500_550,,,,,0.0,249.368,0.001,0.002,0.0,1.0,,,0.045,0.095,0.169,
baseline_jordan_1009_1108,jordan,dorothea_500_550,,,,,0.0,249.368,0.001,0.002,0.0,1.0,,0.01,0.045,0.095,0.169,
baseline_jordan_1009_1230,jordan,dorothea_500_550,,,,,0.0,249.368,0.001,0.002,0.0,1.0,,0.01,0.045,0.095,0.169,
baseline_overlap_1007_1419,overlap,dorothea_500_550,,,,,0.005,250.323,0.002,0.002,0.002,0.002,0.013,0.017,,,,
baseline_overlap_1008_1126,overlap,dorothea_500_550,,,,,0.005,250.323,0.002,0.002,0.002,0.002,0.013,0.017,,,,
baseline_overlap_1009_0025,overlap,dorothea_500_550,,,,,0.005,250.323,0.002,0.002,0.002,0.002,,,0.046,0.099,0.159,
baseline_overlap_1009_0937,overlap,dorothea_500_550,,,,,0.005,250.323,0.002,0.002,0.002,0.002,,,0.046,0.099,0.159,
baseline_overlap_1009_1108,overlap,dorothea_500_550,,,,,0.005,250.323,0.002,0.002,0.002,0.002,,0.017,0.046,0.099,0.159,
baseline_overlap_1009_1230,overlap,dorothea_500_550,,,,,0.005,250.323,0.002,0.002,0.002,0.002,,0.017,0.046,0.099,0.159,
baseline_random_1007_1419,random,dorothea_500_550,,,,,0.003,257.218,0.002,0.002,0.0,0.004,0.007,0.011,,,,
baseline_random_1008_1126,random,dorothea_500_550,,,,,0.003,257.218,0.002,0.002,0.0,0.004,0.007,0.011,,,,
baseline_random_1009_0025,random,dorothea_500_550,,,,,0.003,257.218,0.002,0.002,0.0,0.004,,,0.037,0.069,0.147,
baseline_random_1009_0937,random,dorothea_500_550,,,,,0.003,257.218,0.002,0.002,0.0,0.004,,,0.037,0.069,0.147,
baseline_random_1009_1108,random,dorothea_500_550,,,,,0.003,257.218,0.002,0.002,0.0,0.004,,0.011,0.037,0.069,0.147,
baseline_random_1009_1230,random,dorothea_500_550,,,,,0.003,257.218,0.002,0.002,0.0,0.004,,0.011,0.037,0.069,0.147,
baseline_smallestSuperset_1007_1419,smallestSuperset,dorothea_500_550,,,,,0.005,250.323,0.002,0.002,0.002,0.002,0.013,0.017,,,,
baseline_smallestSuperset_1008_1126,smallestSuperset,dorothea_500_550,,,,,0.005,250.323,0.002,0.002,0.002,0.002,0.013,0.017,,,,
baseline_smallestSuperset_1009_0025,smallestSuperset,dorothea_500_550,,,,,0.005,250.323,0.002,0.002,0.002,0.002,,,0.046,0.099,0.159,
baseline_smallestSuperset_1009_0937,smallestSuperset,dorothea_500_550,,,,,0.005,250.323,0.002,0.002,0.002,0.002,,,0.046,0.099,0.159,
baseline_smallestSuperset_1009_1108,smallestSuperset,dorothea_500_550,,,,,0.005,250.323,0.002,0.002,0.002,0.002,,0.017,0.046,0.099,0.159,
baseline_smallestSuperset_1009_1230,smallestSuperset,dorothea_500_550,,,,,0.005,250.323,0.002,0.002,0.002,0.002,,0.017,0.046,0.099,0.159,
gat_1007_1425,gat,dorothea_500_550,500.0,246.0,1.0,0.031,0.005,221.692,0.019,0.019,0.016,0.035,0.013,0.016,,,,"{'IRF3': {'gene_name': 'IRF3', 'gene_index': 195, 'total_samples': 3100, 'times_true_source': 0, 'times_predicted_source': 1, 'correct_predictions': 0, 'avg_prediction_prob': 0.018, 'avg_rank': 0.0, 'in_top3_count': 0, 'in_top5_count': 0, 'avg_rank_when_true': None, 'avg_prob_when_true': None, 'in_top3_when_true': 0, 'in_top5_when_true': 0, 'accuracy_when_true': None, 'precision': 0.0, 'recall': None, 'f1_score': None}, 'ATF7': {'gene_name': 'ATF7', 'gene_index': 15, 'total_samples': 3100, 'times_true_source': 9, 'times_predicted_source': 26, 'correct_predictions': 0, 'avg_prediction_prob': 0.021, 'avg_rank': 0.0, 'in_top3_count': 0, 'in_top5_count': 0, 'avg_rank_when_true': 70.778, 'avg_prob_when_true': 0.021, 'in_top3_when_true': 0, 'in_top5_when_true': 2, 'accuracy_when_true': 0.0, 'precision': 0.0, 'recall': 0.0, 'f1_score': None}, 'SREBF2': {'gene_name': 'SREBF2', 'gene_index': 402, 'total_samples': 3100, 'times_true_source': 14, 'times_predicted_source': 2, 'correct_predictions': 0, 'avg_prediction_prob': 0.019, 'avg_rank': 0.0, 'in_top3_count': 0, 'in_top5_count': 0, 'avg_rank_when_true': 302.929, 'avg_prob_when_true': 0.019, 'in_top3_when_true': 0, 'in_top5_when_true': 0, 'accuracy_when_true': 0.0, 'precision': 0.0, 'recall': 0.0, 'f1_score': None}, 'MYC': {'gene_name': 'MYC', 'gene_index': 260, 'total_samples': 3100, 'times_true_source': 0, 'times_predicted_source': 0, 'correct_predictions': 0, 'avg_prediction_prob': 0.019, 'avg_rank': 0.0, 'in_top3_count': 0, 'in_top5_count': 0, 'avg_rank_when_true': None, 'avg_prob_when_true': None, 'in_top3_when_true': 0, 'in_top5_when_true': 0, 'accuracy_when_true': None, 'precision': None, 'recall': None, 'f1_score': None}}"
gat_1008_1130,gat,dorothea_500_550,500.0,246.0,1.0,0.031,0.004,222.192,0.019,0.019,0.017,0.036,0.011,0.013,,,,"{'IRF3': {'gene_name': 'IRF3', 'gene_index': 195, 'total_samples': 3100, 'times_true_source': 0, 'times_predicted_source': 2, 'correct_predictions': 0, 'avg_prediction_prob': 0.018, 'avg_rank': 0.0, 'in_top3_count': 0, 'in_top5_count': 0, 'avg_rank_when_true': None, 'avg_prob_when_true': None, 'in_top3_when_true': 0, 'in_top5_when_true': 0, 'accuracy_when_true': None, 'precision': 0.0, 'recall': None, 'f1_score': None}, 'ATF7': {'gene_name': 'ATF7', 'gene_index': 15, 'total_samples': 3100, 'times_true_source': 9, 'times_predicted_source': 20, 'correct_predictions': 0, 'avg_prediction_prob': 0.021, 'avg_rank': 0.0, 'in_top3_count': 0, 'in_top5_count': 0, 'avg_rank_when_true': 76.333, 'avg_prob_when_true': 0.021, 'in_top3_when_true': 0, 'in_top5_when_true': 2, 'accuracy_when_true': 0.0, 'precision': 0.0, 'recall': 0.0, 'f1_score': None}, 'SREBF2': {'gene_name': 'SREBF2', 'gene_index': 402, 'total_samples': 3100, 'times_true_source': 14, 'times_predicted_source': 2, 'correct_predictions': 0, 'avg_prediction_prob': 0.018, 'avg_rank': 0.0, 'in_top3_count': 0, 'in_top5_count': 0, 'avg_rank_when_true': 322.714, 'avg_prob_when_true': 0.019, 'in_top3_when_true': 0, 'in_top5_when_true': 0, 'accuracy_when_true': 0.0, 'precision': 0.0, 'recall': 0.0, 'f1_score': None}, 'MYC': {'gene_name': 'MYC', 'gene_index': 260, 'total_samples': 3100, 'times_true_source': 0, 'times_predicted_source': 0, 'correct_predictions': 0, 'avg_prediction_prob': 0.019, 'avg_rank': 0.0, 'in_top3_count': 0, 'in_top5_count': 0, 'avg_rank_when_true': None, 'avg_prob_when_true': None, 'in_top3_when_true': 0, 'in_top5_when_true': 0, 'accuracy_when_true': None, 'precision': None, 'recall': None, 'f1_score': None}}"
gat_1009_0041,gat,dorothea_500_550,500.0,246.0,1.0,0.031,0.005,223.123,0.019,0.019,0.017,0.034,,,0.057,0.104,0.197,"{'IRF3': {'gene_name': 'IRF3', 'gene_index': 195, 'total_samples': 3100, 'times_true_source': 0, 'times_predicted_source': 1, 'correct_predictions': 0, 'avg_prediction_prob': 0.018, 'avg_rank': 0.0, 'in_top20_count': 0, 'in_top40_count': 0, 'in_top80_count': 0, 'avg_rank_when_true': None, 'avg_prob_when_true': None, 'in_top20_when_true': 0, 'in_top40_when_true': 0, 'in_top80_when_true': 0, 'accuracy_when_true': None, 'precision': 0.0, 'recall': None, 'f1_score': None}, 'ATF7': {'gene_name': 'ATF7', 'gene_index': 15, 'total_samples': 3100, 'times_true_source': 9, 'times_predicted_source': 20, 'correct_predictions': 0, 'avg_prediction_prob': 0.021, 'avg_rank': 0.0, 'in_top20_count': 0, 'in_top40_count': 0, 'in_top80_count': 0, 'avg_rank_when_true': 74.667, 'avg_prob_when_true': 0.02, 'in_top20_when_true': 2, 'in_top40_when_true': 2, 'in_top80_when_true': 4, 'accuracy_when_true': 0.0, 'precision': 0.0, 'recall': 0.0, 'f1_score': None}, 'SREBF2': {'gene_name': 'SREBF2', 'gene_index': 402, 'total_samples': 3100, 'times_true_source': 14, 'times_predicted_source': 5, 'correct_predictions': 0, 'avg_prediction_prob': 0.018, 'avg_rank': 0.0, 'in_top20_count': 0, 'in_top40_count': 0, 'in_top80_count': 0, 'avg_rank_when_true': 328.857, 'avg_prob_when_true': 0.018, 'in_top20_when_true': 0, 'in_top40_when_true': 0, 'in_top80_when_true': 3, 'accuracy_when_true': 0.0, 'precision': 0.0, 'recall': 0.0, 'f1_score': None}, 'MYC': {'gene_name': 'MYC', 'gene_index': 260, 'total_samples': 3100, 'times_true_source': 0, 'times_predicted_source': 0, 'correct_predictions': 0, 'avg_prediction_prob': 0.019, 'avg_rank': 0.0, 'in_top20_count': 0, 'in_top40_count': 0, 'in_top80_count': 0, 'avg_rank_when_true': None, 'avg_prob_when_true': None, 'in_top20_when_true': 0, 'in_top40_when_true': 0, 'in_top80_when_true': 0, 'accuracy_when_true': None, 'precision': None, 'recall': None, 'f1_score': None}}"
gat_1009_0944,gat,dorothea_500_550,500.0,246.0,1.0,0.031,0.004,221.056,0.019,0.019,0.016,0.034,,,0.052,0.113,0.194,"{'IRF3': {'gene_name': 'IRF3', 'gene_index': 195, 'total_samples': 3100, 'times_true_source': 0, 'times_predicted_source': 1, 'correct_predictions': 0, 'avg_prediction_prob': 0.018, 'avg_rank': 0.0, 'in_top20_count': 0, 'in_top40_count': 0, 'in_top80_count': 0, 'avg_rank_when_true': None, 'avg_prob_when_true': None, 'in_top20_when_true': 0, 'in_top40_when_true': 0, 'in_top80_when_true': 0, 'accuracy_when_true': None, 'precision': 0.0, 'recall': None, 'f1_score': None}, 'ATF7': {'gene_name': 'ATF7', 'gene_index': 15, 'total_samples': 3100, 'times_true_source': 9, 'times_predicted_source': 17, 'correct_predictions': 0, 'avg_prediction_prob': 0.021, 'avg_rank': 0.0, 'in_top20_count': 0, 'in_top40_count': 0, 'in_top80_count': 0, 'avg_rank_when_true': 70.556, 'avg_prob_when_true': 0.021, 'in_top20_when_true': 2, 'in_top40_when_true': 2, 'in_top80_when_true': 4, 'accuracy_when_true': 0.0, 'precision': 0.0, 'recall': 0.0, 'f1_score': None}, 'SREBF2': {'gene_name': 'SREBF2', 'gene_index': 402, 'total_samples': 3100, 'times_true_source': 14, 'times_predicted_source': 5, 'correct_predictions': 0, 'avg_prediction_prob': 0.019, 'avg_rank': 0.0, 'in_top20_count': 0, 'in_top40_count': 0, 'in_top80_count': 0, 'avg_rank_when_true': 324.929, 'avg_prob_when_true': 0.019, 'in_top20_when_true': 0, 'in_top40_when_true': 1, 'in_top80_when_true': 3, 'accuracy_when_true': 0.0, 'precision': 0.0, 'recall': 0.0, 'f1_score': None}, 'MYC': {'gene_name': 'MYC', 'gene_index': 260, 'total_samples': 3100, 'times_true_source': 0, 'times_predicted_source': 0, 'correct_predictions': 0, 'avg_prediction_prob': 0.019, 'avg_rank': 0.0, 'in_top20_count': 0, 'in_top40_count': 0, 'in_top80_count': 0, 'avg_rank_when_true': None, 'avg_prob_when_true': None, 'in_top20_when_true': 0, 'in_top40_when_true': 0, 'in_top80_when_true': 0, 'accuracy_when_true': None, 'precision': None, 'recall': None, 'f1_score': None}}"
gat_1009_1113,gat,dorothea_500_550,500.0,246.0,1.0,0.031,0.008,224.505,0.02,0.019,0.014,0.034,,0.016,0.054,0.113,0.204,"{'IRF3': {'gene_name': 'IRF3', 'gene_index': 195, 'total_samples': 3100, 'times_true_source': 0, 'times_predicted_source': 1, 'correct_predictions': 0, 'avg_prediction_prob': 0.018, 'avg_rank': 0.0, 'in_top20_count': 0, 'in_top40_count': 0, 'in_top80_count': 0, 'avg_rank_when_true': None, 'avg_prob_when_true': None, 'in_top20_when_true': 0, 'in_top40_when_true': 0, 'in_top80_when_true': 0, 'accuracy_when_true': None, 'precision': 0.0, 'recall': None, 'f1_score': None}, 'ATF7': {'gene_name': 'ATF7', 'gene_index': 15, 'total_samples': 3100, 'times_true_source': 9, 'times_predicted_source': 31, 'correct_predictions': 0, 'avg_prediction_prob': 0.022, 'avg_rank': 0.0, 'in_top20_count': 0, 'in_top40_count': 0, 'in_top80_count': 0, 'avg_rank_when_true': 62.778, 'avg_prob_when_true': 0.022, 'in_top20_when_true': 2, 'in_top40_when_true': 2, 'in_top80_when_true': 6, 'accuracy_when_true': 0.0, 'precision': 0.0, 'recall': 0.0, 'f1_score': None}, 'SREBF2': {'gene_name': 'SREBF2', 'gene_index': 402, 'total_samples': 3100, 'times_true_source': 14, 'times_predicted_source': 2, 'correct_predictions': 0, 'avg_prediction_prob': 0.018, 'avg_rank': 0.0, 'in_top20_count': 0, 'in_top40_count': 0, 'in_top80_count': 0, 'avg_rank_when_true': 325.286, 'avg_prob_when_true': 0.018, 'in_top20_when_true': 0, 'in_top40_when_true': 0, 'in_top80_when_true': 3, 'accuracy_when_true': 0.0, 'precision': 0.0, 'recall': 0.0, 'f1_score': None}, 'MYC': {'gene_name': 'MYC', 'gene_index': 260, 'total_samples': 3100, 'times_true_source': 0, 'times_predicted_source': 0, 'correct_predictions': 0, 'avg_prediction_prob': 0.019, 'avg_rank': 0.0, 'in_top20_count': 0, 'in_top40_count': 0, 'in_top80_count': 0, 'avg_rank_when_true': None, 'avg_prob_when_true': None, 'in_top20_when_true': 0, 'in_top40_when_true': 0, 'in_top80_when_true': 0, 'accuracy_when_true': None, 'precision': None, 'recall': None, 'f1_score': None}}"
gat_1009_1234,gat,dorothea_500_550,500.0,246.0,1.0,0.031,0.005,222.306,0.02,0.019,0.015,0.034,,0.016,0.045,0.107,0.201,"{'IRF3': {'gene_name': 'IRF3', 'gene_index': 195, 'total_samples': 3100, 'times_true_source': 0, 'times_predicted_source': 1, 'correct_predictions': 0, 'avg_prediction_prob': 0.018, 'avg_rank': 0.0, 'in_top20_count': 0, 'in_top40_count': 0, 'in_top80_count': 0, 'avg_rank_when_true': None, 'avg_prob_when_true': None, 'in_top20_when_true': 0, 'in_top40_when_true': 0, 'in_top80_when_true': 0, 'accuracy_when_true': None, 'precision': 0.0, 'recall': None, 'f1_score': None}, 'ATF7': {'gene_name': 'ATF7', 'gene_index': 15, 'total_samples': 3100, 'times_true_source': 9, 'times_predicted_source': 25, 'correct_predictions': 0, 'avg_prediction_prob': 0.021, 'avg_rank': 0.0, 'in_top20_count': 0, 'in_top40_count': 0, 'in_top80_count': 0, 'avg_rank_when_true': 82.111, 'avg_prob_when_true': 0.021, 'in_top20_when_true': 2, 'in_top40_when_true': 2, 'in_top80_when_true': 4, 'accuracy_when_true': 0.0, 'precision': 0.0, 'recall': 0.0, 'f1_score': None}, 'SREBF2': {'gene_name': 'SREBF2', 'gene_index': 402, 'total_samples': 3100, 'times_true_source': 14, 'times_predicted_source': 2, 'correct_predictions': 0, 'avg_prediction_prob': 0.018, 'avg_rank': 0.0, 'in_top20_count': 0, 'in_top40_count': 0, 'in_top80_count': 0, 'avg_rank_when_true': 322.071, 'avg_prob_when_true': 0.019, 'in_top20_when_true': 0, 'in_top40_when_true': 0, 'in_top80_when_true': 3, 'accuracy_when_true': 0.0, 'precision': 0.0, 'recall': 0.0, 'f1_score': None}, 'MYC': {'gene_name': 'MYC', 'gene_index': 260, 'total_samples': 3100, 'times_true_source': 0, 'times_predicted_source': 0, 'correct_predictions': 0, 'avg_prediction_prob': 0.019, 'avg_rank': 0.0, 'in_top20_count': 0, 'in_top40_count': 0, 'in_top80_count': 0, 'avg_rank_when_true': None, 'avg_prob_when_true': None, 'in_top20_when_true': 0, 'in_top40_when_true': 0, 'in_top80_when_true': 0, 'accuracy_when_true': None, 'precision': None, 'recall': None, 'f1_score': None}}"
pdgrapher_1007_1433,pdgrapher,dorothea_500_550,500.0,246.0,1.0,0.031,0.166,158.919,0.295,-1.776,-25.49,12.474,0.271,0.303,,,,"{'IRF3': {'gene_name': 'IRF3', 'gene_index': 195, 'total_samples': 3100, 'times_true_source': 0, 'times_predicted_source': 0, 'correct_predictions': 0, 'avg_prediction_prob': -1.693, 'avg_rank': 0.0, 'in_top3_count': 0, 'in_top5_count': 0, 'avg_rank_when_true': None, 'avg_prob_when_true': None, 'in_top3_when_true': 0, 'in_top5_when_true': 0, 'accuracy_when_true': None, 'precision': None, 'recall': None, 'f1_score': None}, 'ATF7': {'gene_name': 'ATF7', 'gene_index': 15, 'total_samples': 3100, 'times_true_source': 9, 'times_predicted_source': 5, 'correct_predictions': 3, 'avg_prediction_prob': -1.234, 'avg_rank': 0.0, 'in_top3_count': 0, 'in_top5_count': 0, 'avg_rank_when_true': 28.111, 'avg_prob_when_true': 3.035, 'in_top3_when_true': 5, 'in_top5_when_true': 5, 'accuracy_when_true': 0.333, 'precision': 0.6, 'recall': 0.333, 'f1_score': 0.429}, 'SREBF2': {'gene_name': 'SREBF2', 'gene_index': 402, 'total_samples': 3100, 'times_true_source': 14, 'times_predicted_source': 17, 'correct_predictions': 3, 'avg_prediction_prob': -1.888, 'avg_rank': 0.0, 'in_top3_count': 0, 'in_top5_count': 0, 'avg_rank_when_true': 203.929, 'avg_prob_when_true': 0.301, 'in_top3_when_true': 3, 'in_top5_when_true': 3, 'accuracy_when_true': 0.214, 'precision': 0.176, 'recall': 0.214, 'f1_score': 0.194}, 'MYC': {'gene_name': 'MYC', 'gene_index': 260, 'total_samples': 3100, 'times_true_source': 0, 'times_predicted_source': 8, 'correct_predictions': 0, 'avg_prediction_prob': -1.521, 'avg_rank': 0.0, 'in_top3_count': 0, 'in_top5_count': 0, 'avg_rank_when_true': None, 'avg_prob_when_true': None, 'in_top3_when_true': 0, 'in_top5_when_true': 0, 'accuracy_when_true': None, 'precision': 0.0, 'recall': None, 'f1_score': None}}"
pdgrapher_1008_1132,pdgrapher,dorothea_500_550,500.0,246.0,1.0,0.031,0.182,147.355,0.563,-1.802,-5.217,9.28,0.306,0.355,,,,"{'IRF3': {'gene_name': 'IRF3', 'gene_index': 195, 'total_samples': 3100, 'times_true_source': 0, 'times_predicted_source': 0, 'correct_predictions': 0, 'avg_prediction_prob': -1.63, 'avg_rank': 0.0, 'in_top3_count': 0, 'in_top5_count': 0, 'avg_rank_when_true': None, 'avg_prob_when_true': None, 'in_top3_when_true': 0, 'in_top5_when_true': 0, 'accuracy_when_true': None, 'precision': None, 'recall': None, 'f1_score': None}, 'ATF7': {'gene_name': 'ATF7', 'gene_index': 15, 'total_samples': 3100, 'times_true_source': 9, 'times_predicted_source': 0, 'correct_predictions': 0, 'avg_prediction_prob': -1.065, 'avg_rank': 0.0, 'in_top3_count': 0, 'in_top5_count': 0, 'avg_rank_when_true': 5.667, 'avg_prob_when_true': -0.144, 'in_top3_when_true': 1, 'in_top5_when_true': 4, 'accuracy_when_true': 0.0, 'precision': None, 'recall': 0.0, 'f1_score': None}, 'SREBF2': {'gene_name': 'SREBF2', 'gene_index': 402, 'total_samples': 3100, 'times_true_source': 14, 'times_predicted_source': 7, 'correct_predictions': 4, 'avg_prediction_prob': -1.408, 'avg_rank': 0.0, 'in_top3_count': 0, 'in_top5_count': 0, 'avg_rank_when_true': 41.214, 'avg_prob_when_true': 2.125, 'in_top3_when_true': 6, 'in_top5_when_true': 7, 'accuracy_when_true': 0.286, 'precision': 0.571, 'recall': 0.286, 'f1_score': 0.381}, 'MYC': {'gene_name': 'MYC', 'gene_index': 260, 'total_samples': 3100, 'times_true_source': 0, 'times_predicted_source': 0, 'correct_predictions': 0, 'avg_prediction_prob': -1.701, 'avg_rank': 0.0, 'in_top3_count': 0, 'in_top5_count': 0, 'avg_rank_when_true': None, 'avg_prob_when_true': None, 'in_top3_when_true': 0, 'in_top5_when_true': 0, 'accuracy_when_true': None, 'precision': None, 'recall': None, 'f1_score': None}}"
pdgrapher_1009_0042,pdgrapher,dorothea_500_550,500.0,246.0,1.0,0.031,0.145,159.327,-0.069,-1.73,-16.666,7.67,,,0.368,0.426,0.506,"{'IRF3': {'gene_name': 'IRF3', 'gene_index': 195, 'total_samples': 3100, 'times_true_source': 0, 'times_predicted_source': 0, 'correct_predictions': 0, 'avg_prediction_prob': -1.662, 'avg_rank': 0.0, 'in_top20_count': 0, 'in_top40_count': 0, 'in_top80_count': 0, 'avg_rank_when_true': None, 'avg_prob_when_true': None, 'in_top20_when_true': 0, 'in_top40_when_true': 0, 'in_top80_when_true': 0, 'accuracy_when_true': None, 'precision': None, 'recall': None, 'f1_score': None}, 'ATF7': {'gene_name': 'ATF7', 'gene_index': 15, 'total_samples': 3100, 'times_true_source': 9, 'times_predicted_source': 9, 'correct_predictions': 3, 'avg_prediction_prob': -1.538, 'avg_rank': 0.0, 'in_top20_count': 0, 'in_top40_count': 0, 'in_top80_count': 0, 'avg_rank_when_true': 126.556, 'avg_prob_when_true': 0.598, 'in_top20_when_true': 4, 'in_top40_when_true': 4, 'in_top80_when_true': 4, 'accuracy_when_true': 0.333, 'precision': 0.333, 'recall': 0.333, 'f1_score': 0.333}, 'SREBF2': {'gene_name': 'SREBF2', 'gene_index': 402, 'total_samples': 3100, 'times_true_source': 14, 'times_predicted_source': 18, 'correct_predictions': 5, 'avg_prediction_prob': -1.881, 'avg_rank': 0.0, 'in_top20_count': 0, 'in_top40_count': 0, 'in_top80_count': 0, 'avg_rank_when_true': 152.143, 'avg_prob_when_true': 1.556, 'in_top20_when_true': 7, 'in_top40_when_true': 8, 'in_top80_when_true': 8, 'accuracy_when_true': 0.357, 'precision': 0.278, 'recall': 0.357, 'f1_score': 0.313}, 'MYC': {'gene_name': 'MYC', 'gene_index': 260, 'total_samples': 3100, 'times_true_source': 0, 'times_predicted_source': 0, 'correct_predictions': 0, 'avg_prediction_prob': -1.002, 'avg_rank': 0.0, 'in_top20_count': 0, 'in_top40_count': 0, 'in_top80_count': 0, 'avg_rank_when_true': None, 'avg_prob_when_true': None, 'in_top20_when_true': 0, 'in_top40_when_true': 0, 'in_top80_when_true': 0, 'accuracy_when_true': None, 'precision': None, 'recall': None, 'f1_score': None}}"
pdgrapher_1009_0942,pdgrapher,dorothea_500_550,500.0,246.0,1.0,0.031,0.172,186.296,0.085,-1.515,-10.887,11.247,,,0.297,0.319,0.363,"{'IRF3': {'gene_name': 'IRF3', 'gene_index': 195, 'total_samples': 3100, 'times_true_source': 0, 'times_predicted_source': 0, 'correct_predictions': 0, 'avg_prediction_prob': -1.625, 'avg_rank': 0.0, 'in_top20_count': 0, 'in_top40_count': 0, 'in_top80_count': 0, 'avg_rank_when_true': None, 'avg_prob_when_true': None, 'in_top20_when_true': 0, 'in_top40_when_true': 0, 'in_top80_when_true': 0, 'accuracy_when_true': None, 'precision': None, 'recall': None, 'f1_score': None}, 'ATF7': {'gene_name': 'ATF7', 'gene_index': 15, 'total_samples': 3100, 'times_true_source': 9, 'times_predicted_source': 0, 'correct_predictions': 0, 'avg_prediction_prob': -1.467, 'avg_rank': 0.0, 'in_top20_count': 0, 'in_top40_count': 0, 'in_top80_count': 0, 'avg_rank_when_true': 213.333, 'avg_prob_when_true': -1.38, 'in_top20_when_true': 1, 'in_top40_when_true': 1, 'in_top80_when_true': 1, 'accuracy_when_true': 0.0, 'precision': None, 'recall': 0.0, 'f1_score': None}, 'SREBF2': {'gene_name': 'SREBF2', 'gene_index': 402, 'total_samples': 3100, 'times_true_source': 14, 'times_predicted_source': 18, 'correct_predictions': 7, 'avg_prediction_prob': -1.299, 'avg_rank': 0.0, 'in_top20_count': 0, 'in_top40_count': 0, 'in_top80_count': 0, 'avg_rank_when_true': 101.786, 'avg_prob_when_true': 3.288, 'in_top20_when_true': 7, 'in_top40_when_true': 8, 'in_top80_when_true': 8, 'accuracy_when_true': 0.5, 'precision': 0.389, 'recall': 0.5, 'f1_score': 0.438}, 'MYC': {'gene_name': 'MYC', 'gene_index': 260, 'total_samples': 3100, 'times_true_source': 0, 'times_predicted_source': 0, 'correct_predictions': 0, 'avg_prediction_prob': -1.421, 'avg_rank': 0.0, 'in_top20_count': 0, 'in_top40_count': 0, 'in_top80_count': 0, 'avg_rank_when_true': None, 'avg_prob_when_true': None, 'in_top20_when_true': 0, 'in_top40_when_true': 0, 'in_top80_when_true': 0, 'accuracy_when_true': None, 'precision': None, 'recall': None, 'f1_score': None}}"
pdgrapher_1009_1114,pdgrapher,dorothea_500_550,500.0,246.0,1.0,0.031,0.143,177.969,-0.026,-1.138,-9.19,7.299,,0.269,0.303,0.329,0.387,"{'IRF3': {'gene_name': 'IRF3', 'gene_index': 195, 'total_samples': 3100, 'times_true_source': 0, 'times_predicted_source': 0, 'correct_predictions': 0, 'avg_prediction_prob': -0.651, 'avg_rank': 0.0, 'in_top20_count': 0, 'in_top40_count': 0, 'in_top80_count': 0, 'avg_rank_when_true': None, 'avg_prob_when_true': None, 'in_top20_when_true': 0, 'in_top40_when_true': 0, 'in_top80_when_true': 0, 'accuracy_when_true': None, 'precision': None, 'recall': None, 'f1_score': None}, 'ATF7': {'gene_name': 'ATF7', 'gene_index': 15, 'total_samples': 3100, 'times_true_source': 9, 'times_predicted_source': 16, 'correct_predictions': 1, 'avg_prediction_prob': -0.538, 'avg_rank': 0.0, 'in_top20_count': 0, 'in_top40_count': 0, 'in_top80_count': 0, 'avg_rank_when_true': 59.444, 'avg_prob_when_true': 0.458, 'in_top20_when_true': 4, 'in_top40_when_true': 5, 'in_top80_when_true': 6, 'accuracy_when_true': 0.111, 'precision': 0.062, 'recall': 0.111, 'f1_score': 0.08}, 'SREBF2': {'gene_name': 'SREBF2', 'gene_index': 402, 'total_samples': 3100, 'times_true_source': 14, 'times_predicted_source': 4, 'correct_predictions': 4, 'avg_prediction_prob': -1.357, 'avg_rank': 0.0, 'in_top20_count': 0, 'in_top40_count': 0, 'in_top80_count': 0, 'avg_rank_when_true': 173.286, 'avg_prob_when_true': 0.27, 'in_top20_when_true': 6, 'in_top40_when_true': 6, 'in_top80_when_true': 6, 'accuracy_when_true': 0.286, 'precision': 1.0, 'recall': 0.286, 'f1_score': 0.444}, 'MYC': {'gene_name': 'MYC', 'gene_index': 260, 'total_samples': 3100, 'times_true_source': 0, 'times_predicted_source': 1, 'correct_predictions': 0, 'avg_prediction_prob': -1.247, 'avg_rank': 0.0, 'in_top20_count': 0, 'in_top40_count': 0, 'in_top80_count': 0, 'avg_rank_when_true': None, 'avg_prob_when_true': None, 'in_top20_when_true': 0, 'in_top40_when_true': 0, 'in_top80_when_true': 0, 'accuracy_when_true': None, 'precision': 0.0, 'recall': None, 'f1_score': None}}"
pdgrapher_1009_1236,pdgrapher,dorothea_500_550,500.0,246.0,1.0,0.031,0.163,176.196,0.628,-1.007,-7.676,12.208,,0.276,0.31,0.343,0.401,"{'IRF3': {'gene_name': 'IRF3', 'gene_index': 195, 'total_samples': 3100, 'times_true_source': 0, 'times_predicted_source': 0, 'correct_predictions': 0, 'avg_prediction_prob': -0.604, 'avg_rank': 0.0, 'in_top20_count': 0, 'in_top40_count': 0, 'in_top80_count': 0, 'avg_rank_when_true': None, 'avg_prob_when_true': None, 'in_top20_when_true': 0, 'in_top40_when_true': 0, 'in_top80_when_true': 0, 'accuracy_when_true': None, 'precision': None, 'recall': None, 'f1_score': None}, 'ATF7': {'gene_name': 'ATF7', 'gene_index': 15, 'total_samples': 3100, 'times_true_source': 9, 'times_predicted_source': 3, 'correct_predictions': 0, 'avg_prediction_prob': -0.872, 'avg_rank': 0.0, 'in_top20_count': 0, 'in_top40_count': 0, 'in_top80_count': 0, 'avg_rank_when_true': 154.222, 'avg_prob_when_true': -0.729, 'in_top20_when_true': 1, 'in_top40_when_true': 1, 'in_top80_when_true': 2, 'accuracy_when_true': 0.0, 'precision': 0.0, 'recall': 0.0, 'f1_score': None}, 'SREBF2': {'gene_name': 'SREBF2', 'gene_index': 402, 'total_samples': 3100, 'times_true_source': 14, 'times_predicted_source': 7, 'correct_predictions': 1, 'avg_prediction_prob': -1.18, 'avg_rank': 0.0, 'in_top20_count': 0, 'in_top40_count': 0, 'in_top80_count': 0, 'avg_rank_when_true': 176.643, 'avg_prob_when_true': 0.681, 'in_top20_when_true': 6, 'in_top40_when_true': 6, 'in_top80_when_true': 6, 'accuracy_when_true': 0.071, 'precision': 0.143, 'recall': 0.071, 'f1_score': 0.095}, 'MYC': {'gene_name': 'MYC', 'gene_index': 260, 'total_samples': 3100, 'times_true_source': 0, 'times_predicted_source': 0, 'correct_predictions': 0, 'avg_prediction_prob': -1.322, 'avg_rank': 0.0, 'in_top20_count': 0, 'in_top40_count': 0, 'in_top80_count': 0, 'avg_rank_when_true': None, 'avg_prob_when_true': None, 'in_top20_when_true': 0, 'in_top40_when_true': 0, 'in_top80_when_true': 0, 'accuracy_when_true': None, 'precision': None, 'recall': None, 'f1_score': None}}"
pdgraphernognn_1007_1416,pdgraphernognn,dorothea_500_550,500.0,246.0,1.0,0.031,0.035,157.067,0.564,-1.25,-19.364,8.372,0.103,0.164,,,,"{'IRF3': {'gene_name': 'IRF3', 'gene_index': 195, 'total_samples': 3100, 'times_true_source': 0, 'times_predicted_source': 0, 'correct_predictions': 0, 'avg_prediction_prob': -1.214, 'avg_rank': 0.0, 'in_top3_count': 0, 'in_top5_count': 0, 'avg_rank_when_true': None, 'avg_prob_when_true': None, 'in_top3_when_true': 0, 'in_top5_when_true': 0, 'accuracy_when_true': None, 'precision': None, 'recall': None, 'f1_score': None}, 'ATF7': {'gene_name': 'ATF7', 'gene_index': 15, 'total_samples': 3100, 'times_true_source': 9, 'times_predicted_source': 18, 'correct_predictions': 1, 'avg_prediction_prob': -1.475, 'avg_rank': 0.0, 'in_top3_count': 0, 'in_top5_count': 0, 'avg_rank_when_true': 197.222, 'avg_prob_when_true': 0.282, 'in_top3_when_true': 1, 'in_top5_when_true': 1, 'accuracy_when_true': 0.111, 'precision': 0.056, 'recall': 0.111, 'f1_score': 0.074}, 'SREBF2': {'gene_name': 'SREBF2', 'gene_index': 402, 'total_samples': 3100, 'times_true_source': 14, 'times_predicted_source': 18, 'correct_predictions': 1, 'avg_prediction_prob': -1.231, 'avg_rank': 0.0, 'in_top3_count': 0, 'in_top5_count': 0, 'avg_rank_when_true': 107.286, 'avg_prob_when_true': 1.573, 'in_top3_when_true': 5, 'in_top5_when_true': 7, 'accuracy_when_true': 0.071, 'precision': 0.056, 'recall': 0.071, 'f1_score': 0.062}, 'MYC': {'gene_name': 'MYC', 'gene_index': 260, 'total_samples': 3100, 'times_true_source': 0, 'times_predicted_source': 0, 'correct_predictions': 0, 'avg_prediction_prob': -1.206, 'avg_rank': 0.0, 'in_top3_count': 0, 'in_top5_count': 0, 'avg_rank_when_true': None, 'avg_prob_when_true': None, 'in_top3_when_true': 0, 'in_top5_when_true': 0, 'accuracy_when_true': None, 'precision': None, 'recall': None, 'f1_score': None}}"
pdgraphernognn_1008_1115,pdgraphernognn,dorothea_500_550,500.0,246.0,1.0,0.031,0.039,154.684,0.356,-1.285,-22.5,6.391,0.11,0.185,,,,"{'IRF3': {'gene_name': 'IRF3', 'gene_index': 195, 'total_samples': 3100, 'times_true_source': 0, 'times_predicted_source': 0, 'correct_predictions': 0, 'avg_prediction_prob': -1.041, 'avg_rank': 0.0, 'in_top3_count': 0, 'in_top5_count': 0, 'avg_rank_when_true': None, 'avg_prob_when_true': None, 'in_top3_when_true': 0, 'in_top5_when_true': 0, 'accuracy_when_true': None, 'precision': None, 'recall': None, 'f1_score': None}, 'ATF7': {'gene_name': 'ATF7', 'gene_index': 15, 'total_samples': 3100, 'times_true_source': 9, 'times_predicted_source': 15, 'correct_predictions': 0, 'avg_prediction_prob': -1.245, 'avg_rank': 0.0, 'in_top3_count': 0, 'in_top5_count': 0, 'avg_rank_when_true': 159.111, 'avg_prob_when_true': -0.06, 'in_top3_when_true': 1, 'in_top5_when_true': 1, 'accuracy_when_true': 0.0, 'precision': 0.0, 'recall': 0.0, 'f1_score': None}, 'SREBF2': {'gene_name': 'SREBF2', 'gene_index': 402, 'total_samples': 3100, 'times_true_source': 14, 'times_predicted_source': 17, 'correct_predictions': 3, 'avg_prediction_prob': -1.614, 'avg_rank': 0.0, 'in_top3_count': 0, 'in_top5_count': 0, 'avg_rank_when_true': 174.286, 'avg_prob_when_true': 1.16, 'in_top3_when_true': 4, 'in_top5_when_true': 4, 'accuracy_when_true': 0.214, 'precision': 0.176, 'recall': 0.214, 'f1_score': 0.194}, 'MYC': {'gene_name': 'MYC', 'gene_index': 260, 'total_samples': 3100, 'times_true_source': 0, 'times_predicted_source': 0, 'correct_predictions': 0, 'avg_prediction_prob': -1.237, 'avg_rank': 0.0, 'in_top3_count': 0, 'in_top5_count': 0, 'avg_rank_when_true': None, 'avg_prob_when_true': None, 'in_top3_when_true': 0, 'in_top5_when_true': 0, 'accuracy_when_true': None, 'precision': None, 'recall': None, 'f1_score': None}}"
pdgraphernognn_1008_2234,pdgraphernognn,dorothea_500_550,500.0,246.0,1.0,0.031,0.037,144.63,-0.257,-2.493,-26.994,11.366,,,0.411,0.457,0.538,"{'IRF3': {'gene_name': 'IRF3', 'gene_index': 195, 'total_samples': 3100, 'times_true_source': 0, 'times_predicted_source': 0, 'correct_predictions': 0, 'avg_prediction_prob': -2.57, 'avg_rank': 0.0, 'in_top20_count': 0, 'in_top40_count': 0, 'in_top80_count': 0, 'avg_rank_when_true': None, 'avg_prob_when_true': None, 'in_top20_when_true': 0, 'in_top40_when_true': 0, 'in_top80_when_true': 0, 'accuracy_when_true': None, 'precision': None, 'recall': None, 'f1_score': None}, 'ATF7': {'gene_name': 'ATF7', 'gene_index': 15, 'total_samples': 3100, 'times_true_source': 9, 'times_predicted_source': 15, 'correct_predictions': 0, 'avg_prediction_prob': -2.077, 'avg_rank': 0.0, 'in_top20_count': 0, 'in_top40_count': 0, 'in_top80_count': 0, 'avg_rank_when_true': 167.333, 'avg_prob_when_true': -0.776, 'in_top20_when_true': 3, 'in_top40_when_true': 3, 'in_top80_when_true': 5, 'accuracy_when_true': 0.0, 'precision': 0.0, 'recall': 0.0, 'f1_score': None}, 'SREBF2': {'gene_name': 'SREBF2', 'gene_index': 402, 'total_samples': 3100, 'times_true_source': 14, 'times_predicted_source': 18, 'correct_predictions': 1, 'avg_prediction_prob': -2.512, 'avg_rank': 0.0, 'in_top20_count': 0, 'in_top40_count': 0, 'in_top80_count': 0, 'avg_rank_when_true': 156.714, 'avg_prob_when_true': 1.194, 'in_top20_when_true': 8, 'in_top40_when_true': 8, 'in_top80_when_true': 8, 'accuracy_when_true': 0.071, 'precision': 0.056, 'recall': 0.071, 'f1_score': 0.062}, 'MYC': {'gene_name': 'MYC', 'gene_index': 260, 'total_samples': 3100, 'times_true_source': 0, 'times_predicted_source': 0, 'correct_predictions': 0, 'avg_prediction_prob': -3.034, 'avg_rank': 0.0, 'in_top20_count': 0, 'in_top40_count': 0, 'in_top80_count': 0, 'avg_rank_when_true': None, 'avg_prob_when_true': None, 'in_top20_when_true': 0, 'in_top40_when_true': 0, 'in_top80_when_true': 0, 'accuracy_when_true': None, 'precision': None, 'recall': None, 'f1_score': None}}"
pdgraphernognn_1009_0912,pdgraphernognn,dorothea_500_550,500.0,246.0,1.0,0.031,0.041,139.902,0.119,-1.795,-4.012,5.482,,0.198,0.412,0.428,0.487,"{'IRF3': {'gene_name': 'IRF3', 'gene_index': 195, 'total_samples': 3100, 'times_true_source': 0, 'times_predicted_source': 0, 'correct_predictions': 0, 'avg_prediction_prob': -1.789, 'avg_rank': 0.0, 'in_top20_count': 0, 'in_top40_count': 0, 'in_top80_count': 0, 'avg_rank_when_true': None, 'avg_prob_when_true': None, 'in_top20_when_true': 0, 'in_top40_when_true': 0, 'in_top80_when_true': 0, 'accuracy_when_true': None, 'precision': None, 'recall': None, 'f1_score': None}, 'ATF7': {'gene_name': 'ATF7', 'gene_index': 15, 'total_samples': 3100, 'times_true_source': 9, 'times_predicted_source': 26, 'correct_predictions': 0, 'avg_prediction_prob': -1.8, 'avg_rank': 0.0, 'in_top20_count': 0, 'in_top40_count': 0, 'in_top80_count': 0, 'avg_rank_when_true': 203.222, 'avg_prob_when_true': -0.958, 'in_top20_when_true': 1, 'in_top40_when_true': 1, 'in_top80_when_true': 3, 'accuracy_when_true': 0.0, 'precision': 0.0, 'recall': 0.0, 'f1_score': None}, 'SREBF2': {'gene_name': 'SREBF2', 'gene_index': 402, 'total_samples': 3100, 'times_true_source': 14, 'times_predicted_source': 24, 'correct_predictions': 5, 'avg_prediction_prob': -2.148, 'avg_rank': 0.0, 'in_top20_count': 0, 'in_top40_count': 0, 'in_top80_count': 0, 'avg_rank_when_true': 150.0, 'avg_prob_when_true': 1.246, 'in_top20_when_true': 8, 'in_top40_when_true': 8, 'in_top80_when_true': 8, 'accuracy_when_true': 0.357, 'precision': 0.208, 'recall': 0.357, 'f1_score': 0.263}, 'MYC': {'gene_name': 'MYC', 'gene_index': 260, 'total_samples': 3100, 'times_true_source': 0, 'times_predicted_source': 0, 'correct_predictions': 0, 'avg_prediction_prob': -2.417, 'avg_rank': 0.0, 'in_top20_count': 0, 'in_top40_count': 0, 'in_top80_count': 0, 'avg_rank_when_true': None, 'avg_prob_when_true': None, 'in_top20_when_true': 0, 'in_top40_when_true': 0, 'in_top80_when_true': 0, 'accuracy_when_true': None, 'precision': None, 'recall': None, 'f1_score': None}}"
pdgraphernognn_1009_0935,pdgraphernognn,dorothea_500_550,500.0,246.0,1.0,0.031,0.037,150.346,0.645,-1.12,-57.78,7.743,,,0.414,0.442,0.497,"{'IRF3': {'gene_name': 'IRF3', 'gene_index': 195, 'total_samples': 3100, 'times_true_source': 0, 'times_predicted_source': 0, 'correct_predictions': 0, 'avg_prediction_prob': -1.225, 'avg_rank': 0.0, 'in_top20_count': 0, 'in_top40_count': 0, 'in_top80_count': 0, 'avg_rank_when_true': None, 'avg_prob_when_true': None, 'in_top20_when_true': 0, 'in_top40_when_true': 0, 'in_top80_when_true': 0, 'accuracy_when_true': None, 'precision': None, 'recall': None, 'f1_score': None}, 'ATF7': {'gene_name': 'ATF7', 'gene_index': 15, 'total_samples': 3100, 'times_true_source': 9, 'times_predicted_source': 14, 'correct_predictions': 0, 'avg_prediction_prob': -0.877, 'avg_rank': 0.0, 'in_top20_count': 0, 'in_top40_count': 0, 'in_top80_count': 0, 'avg_rank_when_true': 187.556, 'avg_prob_when_true': 0.364, 'in_top20_when_true': 3, 'in_top40_when_true': 3, 'in_top80_when_true': 3, 'accuracy_when_true': 0.0, 'precision': 0.0, 'recall': 0.0, 'f1_score': None}, 'SREBF2': {'gene_name': 'SREBF2', 'gene_index': 402, 'total_samples': 3100, 'times_true_source': 14, 'times_predicted_source': 23, 'correct_predictions': 3, 'avg_prediction_prob': -1.047, 'avg_rank': 0.0, 'in_top20_count': 0, 'in_top40_count': 0, 'in_top80_count': 0, 'avg_rank_when_true': 111.0, 'avg_prob_when_true': 1.635, 'in_top20_when_true': 7, 'in_top40_when_true': 7, 'in_top80_when_true': 7, 'accuracy_when_true': 0.214, 'precision': 0.13, 'recall': 0.214, 'f1_score': 0.162}, 'MYC': {'gene_name': 'MYC', 'gene_index': 260, 'total_samples': 3100, 'times_true_source': 0, 'times_predicted_source': 0, 'correct_predictions': 0, 'avg_prediction_prob': -1.034, 'avg_rank': 0.0, 'in_top20_count': 0, 'in_top40_count': 0, 'in_top80_count': 0, 'avg_rank_when_true': None, 'avg_prob_when_true': None, 'in_top20_when_true': 0, 'in_top40_when_true': 0, 'in_top80_when_true': 0, 'accuracy_when_true': None, 'precision': None, 'recall': None, 'f1_score': None}}"
pdgraphernognn_1009_1233,pdgraphernognn,dorothea_500_550,500.0,246.0,1.0,0.031,0.031,125.509,-0.946,-3.435,-9.33,5.832,,0.174,0.44,0.493,0.566,"{'IRF3': {'gene_name': 'IRF3', 'gene_index': 195, 'total_samples': 3100, 'times_true_source': 0, 'times_predicted_source': 0, 'correct_predictions': 0, 'avg_prediction_prob': -2.713, 'avg_rank': 0.0, 'in_top20_count': 0, 'in_top40_count': 0, 'in_top80_count': 0, 'avg_rank_when_true': None, 'avg_prob_when_true': None, 'in_top20_when_true': 0, 'in_top40_when_true': 0, 'in_top80_when_true': 0, 'accuracy_when_true': None, 'precision': None, 'recall': None, 'f1_score': None}, 'ATF7': {'gene_name': 'ATF7', 'gene_index': 15, 'total_samples': 3100, 'times_true_source': 9, 'times_predicted_source': 8, 'correct_predictions': 0, 'avg_prediction_prob': -3.0, 'avg_rank': 0.0, 'in_top20_count': 0, 'in_top40_count': 0, 'in_top80_count': 0, 'avg_rank_when_true': 232.333, 'avg_prob_when_true': -2.817, 'in_top20_when_true': 3, 'in_top40_when_true': 3, 'in_top80_when_true': 3, 'accuracy_when_true': 0.0, 'precision': 0.0, 'recall': 0.0, 'f1_score': None}, 'SREBF2': {'gene_name': 'SREBF2', 'gene_index': 402, 'total_samples': 3100, 'times_true_source': 14, 'times_predicted_source': 5, 'correct_predictions': 1, 'avg_prediction_prob': -3.015, 'avg_rank': 0.0, 'in_top20_count': 0, 'in_top40_count': 0, 'in_top80_count': 0, 'avg_rank_when_true': 85.214, 'avg_prob_when_true': 0.222, 'in_top20_when_true': 8, 'in_top40_when_true': 8, 'in_top80_when_true': 8, 'accuracy_when_true': 0.071, 'precision': 0.2, 'recall': 0.071, 'f1_score': 0.105}, 'MYC': {'gene_name': 'MYC', 'gene_index': 260, 'total_samples': 3100, 'times_true_source': 0, 'times_predicted_source': 0, 'correct_predictions': 0, 'avg_prediction_prob': -3.522, 'avg_rank': 0.0, 'in_top20_count': 0, 'in_top40_count': 0, 'in_top80_count': 0, 'avg_rank_when_true': None, 'avg_prob_when_true': None, 'in_top20_when_true': 0, 'in_top40_when_true': 0, 'in_top80_when_true': 0, 'accuracy_when_true': None, 'precision': None, 'recall': None, 'f1_score': None}}"
